,tn,fp,fn,tp,precision,recall,accuracy,inspection_rate,f1_score,mcc,auc_roc_score
0,107.0,2.0,1.0,1.0,0.3333333333333333,0.5,0.972972972972973,0.02702702702702703,0.4,0.39508318586251456,0.7408256880733944
1,109.0,0.0,2.0,0.0,0.0,0.0,0.9819819819819819,0.0,0.0,0.0,0.4862385321100917
2,108.0,1.0,2.0,0.0,0.0,0.0,0.972972972972973,0.009009009009009009,0.0,-0.012915326995195566,0.4862385321100917
3,109.0,0.0,0.0,1.0,1.0,1.0,1.0,0.00909090909090909,1.0,1.0,1.0
4,109.0,0.0,0.0,1.0,1.0,1.0,1.0,0.00909090909090909,1.0,1.0,1.0
5,108.0,1.0,0.0,1.0,0.5,1.0,0.990909090909091,0.01818181818181818,0.6666666666666666,0.7038556983051976,1.0
6,109.0,0.0,1.0,0.0,0.0,0.0,0.990909090909091,0.0,0.0,0.0,0.481651376146789
7,105.0,3.0,0.0,2.0,0.4,1.0,0.9727272727272728,0.045454545454545456,0.5714285714285715,0.6236095644623236,0.986111111111111
8,107.0,1.0,0.0,2.0,0.6666666666666666,1.0,0.990909090909091,0.02727272727272727,0.8,0.8127077132404329,0.9953703703703703
9,107.0,1.0,2.0,0.0,0.0,0.0,0.9727272727272728,0.00909090909090909,0.0,-0.013034364783429585,0.49537037037037035
10,1078.0,9.0,8.0,8.0,0.39,0.55,0.9846109746109747,0.015421785421785423,0.4438095238095238,0.45093064700918434,0.7671805980292218
