,tn,fp,fn,tp,precision,recall,accuracy,inspection_rate,f1_score,mcc,auc_roc_score
0,107.0,2.0,1.0,1.0,0.3333333333333333,0.5,0.972972972972973,0.02702702702702703,0.4,0.39508318586251456,0.7408256880733944
1,107.0,2.0,2.0,0.0,0.0,0.0,0.963963963963964,0.018018018018018018,0.0,-0.01834862385321101,0.481651376146789
2,109.0,0.0,2.0,0.0,0.0,0.0,0.9819819819819819,0.0,0.0,0.0,0.5
3,109.0,0.0,0.0,1.0,1.0,1.0,1.0,0.00909090909090909,1.0,1.0,1.0
4,106.0,3.0,1.0,0.0,0.0,0.0,0.9636363636363636,0.02727272727272727,0.0,-0.016038195000585002,0.463302752293578
5,106.0,3.0,1.0,0.0,0.0,0.0,0.9636363636363636,0.02727272727272727,0.0,-0.016038195000585002,0.47706422018348627
6,109.0,0.0,1.0,0.0,0.0,0.0,0.990909090909091,0.0,0.0,0.0,0.5
7,105.0,3.0,1.0,1.0,0.25,0.5,0.9636363636363636,0.03636363636363636,0.3333333333333333,0.33704692393021124,0.9814814814814814
8,104.0,4.0,1.0,1.0,0.2,0.5,0.9545454545454546,0.045454545454545456,0.28571428571428575,0.29695693545824936,0.7314814814814816
9,108.0,0.0,2.0,0.0,0.0,0.0,0.9818181818181818,0.0,0.0,0.0,0.5
10,1070.0,17.0,12.0,4.0,0.17833333333333332,0.25,0.9737100737100738,0.019049959049959053,0.2019047619047619,0.19786620313965939,0.6375806999660211
