,tn,fp,fn,tp,precision,recall,accuracy,inspection_rate,f1_score,mcc,auc_roc_score
0,7.0,4.0,0.0,3.0,0.42857142857142855,1.0,0.7142857142857143,0.5,0.6,0.5222329678670935,1.0
1,9.0,2.0,0.0,3.0,0.6,1.0,0.8571428571428571,0.35714285714285715,0.7499999999999999,0.7006490497453707,0.9696969696969696
2,5.0,6.0,0.0,3.0,0.3333333333333333,1.0,0.5714285714285714,0.6428571428571429,0.5,0.3892494720807615,0.9393939393939393
3,9.0,2.0,0.0,3.0,0.6,1.0,0.8571428571428571,0.35714285714285715,0.7499999999999999,0.7006490497453707,1.0
4,9.0,2.0,0.0,3.0,0.6,1.0,0.8571428571428571,0.35714285714285715,0.7499999999999999,0.7006490497453707,0.9090909090909091
5,9.0,2.0,0.0,2.0,0.5,1.0,0.8461538461538461,0.3076923076923077,0.6666666666666666,0.6396021490668313,0.9545454545454545
6,9.0,2.0,0.0,2.0,0.5,1.0,0.8461538461538461,0.3076923076923077,0.6666666666666666,0.6396021490668313,1.0
7,8.0,3.0,0.0,2.0,0.4,1.0,0.7692307692307693,0.38461538461538464,0.5714285714285715,0.5393598899705937,1.0
8,5.0,5.0,0.0,3.0,0.375,1.0,0.6153846153846154,0.6153846153846154,0.5454545454545454,0.4330127018922193,0.7666666666666667
9,7.0,3.0,0.0,3.0,0.5,1.0,0.7692307692307693,0.46153846153846156,0.6666666666666666,0.5916079783099616,0.9
10,77.0,31.0,0.0,27.0,0.4836904761904762,1.0,0.7703296703296704,0.4291208791208791,0.6466883116883116,0.5856614457490406,0.943939393939394
