,tn,fp,fn,tp,precision,recall,accuracy,inspection_rate,f1_score,mcc,auc_roc_score
0,26.0,3.0,0.0,2.0,0.4,1.0,0.9032258064516129,0.16129032258064516,0.5714285714285715,0.5988494716163423,0.9310344827586207
1,27.0,1.0,0.0,3.0,0.75,1.0,0.967741935483871,0.12903225806451613,0.8571428571428571,0.8504200642707612,1.0
2,25.0,3.0,0.0,3.0,0.5,1.0,0.9032258064516129,0.1935483870967742,0.6666666666666666,0.6681531047810609,0.9642857142857142
3,27.0,1.0,0.0,3.0,0.75,1.0,0.967741935483871,0.12903225806451613,0.8571428571428571,0.8504200642707612,0.9642857142857142
4,25.0,3.0,0.0,3.0,0.5,1.0,0.9032258064516129,0.1935483870967742,0.6666666666666666,0.6681531047810609,0.9404761904761905
5,25.0,3.0,0.0,3.0,0.5,1.0,0.9032258064516129,0.1935483870967742,0.6666666666666666,0.6681531047810609,0.9642857142857142
6,28.0,0.0,0.0,3.0,1.0,1.0,1.0,0.0967741935483871,1.0,1.0,1.0
7,25.0,3.0,0.0,3.0,0.5,1.0,0.9032258064516129,0.1935483870967742,0.6666666666666666,0.6681531047810609,0.9642857142857142
8,25.0,3.0,0.0,3.0,0.5,1.0,0.9032258064516129,0.1935483870967742,0.6666666666666666,0.6681531047810609,0.9880952380952381
9,26.0,2.0,0.0,2.0,0.5,1.0,0.9333333333333333,0.13333333333333333,0.6666666666666666,0.6813851438692469,1.0
10,259.0,22.0,0.0,28.0,0.5900000000000001,1.0,0.9288172043010754,0.16172043010752685,0.7285714285714286,0.7321840267932417,0.9716748768472906
