,tn,fp,fn,tp,precision,recall,accuracy,inspection_rate,f1_score,mcc,auc_roc_score
0,165.0,2.0,1.0,1.0,0.3333333333333333,0.5,0.9822485207100592,0.01775147928994083,0.4,0.39966829668204157,0.7440119760479041
1,166.0,1.0,0.0,1.0,0.5,1.0,0.9940476190476191,0.011904761904761904,0.6666666666666666,0.7049865162000988,0.997005988023952
2,167.0,0.0,0.0,1.0,1.0,1.0,1.0,0.005952380952380952,1.0,1.0,1.0
3,166.0,0.0,0.0,2.0,1.0,1.0,1.0,0.011904761904761904,1.0,1.0,1.0
4,166.0,0.0,1.0,1.0,1.0,0.5,0.9940476190476191,0.005952380952380952,0.6666666666666666,0.7049865162000988,0.75
5,165.0,1.0,1.0,1.0,0.5,0.5,0.9880952380952381,0.011904761904761904,0.5,0.4939759036144578,0.746987951807229
6,165.0,1.0,2.0,0.0,0.0,0.0,0.9821428571428571,0.005952380952380952,0.0,-0.00849381344819396,0.9819277108433735
7,165.0,1.0,2.0,0.0,0.0,0.0,0.9821428571428571,0.005952380952380952,0.0,-0.00849381344819396,0.7454819277108434
8,165.0,1.0,2.0,0.0,0.0,0.0,0.9821428571428571,0.005952380952380952,0.0,-0.00849381344819396,0.49698795180722893
9,165.0,1.0,0.0,2.0,0.6666666666666666,1.0,0.9940476190476191,0.017857142857142856,0.8,0.8140335388727166,0.9969879518072289
10,1655.0,8.0,9.0,9.0,0.5,0.55,0.9898915187376727,0.010108481262327416,0.5033333333333332,0.5092169331224832,0.845939145804776
